<?xml version="1.0" encoding="UTF-8"?>
<project-private xmlns="http://www.netbeans.org/ns/project-private/1">
    <editor-bookmarks xmlns="http://www.netbeans.org/ns/editor-bookmarks/2" lastBookmarkId="0"/>
    <open-files xmlns="http://www.netbeans.org/ns/projectui-open-files/2">
        <group>
            <file>file:/C:/Users/Arnau/Desktop/Estudios/DAM_GENERAL/DAM2/M13/M13_ActFINAL/src/m13_actfinal/Gestor.java</file>
            <file>file:/C:/Users/Arnau/Desktop/Estudios/DAM_GENERAL/DAM2/M13/M13_ActFINAL/src/m13_actfinal/PantallaPrincipalAdminPRUEBA.java</file>
            <file>file:/C:/Users/Arnau/Desktop/Estudios/DAM_GENERAL/DAM2/M13/M13_ActFINAL/src/m13_actfinal/PantallaPrincipal.java</file>
            <file>file:/C:/Users/Arnau/Desktop/Estudios/DAM_GENERAL/DAM2/M13/M13_ActFINAL/src/m13_actfinal/PantallaPrincipalAdmin.java</file>
        </group>
    </open-files>
</project-private>
