<?xml version="1.0" encoding="UTF-8"?>
<project-private xmlns="http://www.netbeans.org/ns/project-private/1">
    <editor-bookmarks xmlns="http://www.netbeans.org/ns/editor-bookmarks/2" lastBookmarkId="0"/>
    <open-files xmlns="http://www.netbeans.org/ns/projectui-open-files/2">
        <group>
            <file>file:/C:/Users/Alex/Downloads/M13BAR/src/m13bar/Main.java</file>
            <file>file:/C:/Users/Alex/Downloads/M13BAR/src/m13bar/ProductosDAOImpl.java</file>
            <file>file:/C:/Users/Alex/Downloads/M13BAR/src/m13bar/UsuarioDAOImpl.java</file>
            <file>file:/C:/Users/Alex/Downloads/M13BAR/src/m13bar/PantallaLogin.java</file>
            <file>file:/C:/Users/Alex/Downloads/M13BAR/src/m13bar/Usuario.java</file>
            <file>file:/C:/Users/Alex/Downloads/M13BAR/src/m13bar/Productos.java</file>
            <file>file:/C:/Users/Alex/Downloads/M13BAR/src/m13bar/Inicis.java</file>
        </group>
    </open-files>
</project-private>
